test_type,lmi_o,lmi_f,pmi_o,pmi_f,freq_o,freq_f,condition_o,condition_f
acc_fastText,0.007555167894835464,0.00011152860683860117,0.0023423855633771264,0.0023370801386248625,0.00681433919798833,0.006813360876136728,0.0023423855633771264,0.0001664861500648497
acc_ESIM,0.01175446048765822,0.00010910114811727215,0.002955477633156075,0.002955326502968868,0.010109427190664684,0.01011013494558954,0.002955477633156075,0.00017802942442629756
acc_bert,0.0020912709810248795,0.00010583355201823752,0.0001263311990210987,0.0001256947952034373,0.0021109613895012322,0.0021106088972421356,0.00012682777503898347,9.974244580548191e-05
acc_roberta,0.004701936453125969,0.00010215592686724904,0.0011626770743402464,0.0011623163719831923,0.004438859058715324,0.004439607823217852,0.0011626809051245497,0.00013571585590540459
dist_fastText,0.003308293784648207,9.90284495557558e-05,0.0003854718346833658,0.00038531596490356737,0.0031458829558091593,0.003145485840357484,0.0003854718346833658,0.00011313426732568843
dist_ESIM,0.0035013150648172107,0.0001084942613656243,0.00017256858478879698,0.00017236107407146635,0.0034442790959396084,0.003444140489703671,0.0001725708649002105,9.710137715134082e-05
dist_bert,0.0025366805608601868,9.542400284073107e-05,0.0001606772372291279,0.00016059350839325672,0.0025271466338272473,0.002526027479314345,0.00016067951734054144,9.462514326136335e-05
dist_roberta,0.0022062454506030127,0.007779772471656093,0.0001616449432884735,0.00016140119010578862,0.0021928870956271157,0.0021934993339170613,0.0001616449432884735,0.00010221946423671815
