test_type,lmi_o,lmi_f,pmi_o,pmi_f,freq_o,freq_f,condition_o,condition_f
acc_fastText,0.015593519575718112,0.00021994036774178124,0.0009572356519988798,0.0009353437091670016,0.013864987097796938,0.01386369780664921,0.0009559668234820372,0.00040911293704398147
acc_ESIM,0.005354686501132544,0.00018593431743336417,0.00021726897949292948,0.00021667461629267388,0.005405646680154775,0.0054058701136948705,0.00021755851780201545,0.00015937374695156303
acc_bert,0.0038353621108314752,0.00020053929385282221,0.00023020116260310934,0.0002293968276671163,0.004024575072287813,0.0040244708994389995,0.0002320512507270907,0.00017966008208724344
acc_roberta,0.005486330283850616,0.0001781238741750903,0.00024069786065469321,0.00023947206471125042,0.005485883721187753,0.005486259366497366,0.00024047607550503847,0.00016662503210758758
dist_fastText,0.005692535316459138,0.00019170782981544569,0.00026735411617379273,0.00026683737270226545,0.005391009225270752,0.005391357948942115,0.0002670688072363873,0.00017926967498529432
dist_ESIM,0.003643449575144544,0.00018162351213842006,0.00021227852364638758,0.0002106799755649568,0.003749661717376828,0.0037503564761855166,0.0002125386775621706,0.0001640701667622577
dist_bert,0.003458492991360957,0.00017781048730431477,0.00019987590756132857,0.00019854113996797874,0.0035707844905188734,0.003571270127845934,0.00019995199989317775,0.00016162087710073288
dist_roberta,0.0037753878600186148,0.0001795819706208793,0.00020175190632282713,0.00020015864009076704,0.0038883955098688665,0.0038888811471959267,0.00020187619781752452,0.0001636405487603722
