test_type,LMI,PMI,Freq,CP
fastText,0.137259713,0.030880107,0.137600576,0.030880107
ESIM,0.154525218,0.024434211,0.154761995,0.024434211
BERT,0.169929837,0.041001231,0.170150547,0.041001231
RoBERTa,0.141533616,0.034594619,0.142073414,0.034594619