test_type,lmi_o,lmi_f,pmi_o,pmi_f,freq_o,freq_f,condition_o,condition_f
acc_fastText,0.0008052052698024556,8.426598455139914e-05,7.581696933786247e-05,7.559772371355766e-05,0.0008099780676430106,0.0008113969845553589,7.581696933786247e-05,8.267035355767399e-05
acc_ESIM,0.0009600500932202821,7.336549504755622e-05,0.00013244258661306298,0.0001317199154287761,0.0009506276648606584,0.0009478792086092496,0.00013244258661306298,7.998429869737961e-05
acc_bert,0.0015376831092776915,8.822925540267798e-05,8.567092971665787e-05,8.544848760292165e-05,0.00153195330027282,0.0015322947296134656,8.567092971665787e-05,8.533326718023493e-05
acc_roberta,0.0015005157770812644,7.73251715981779e-05,9.47768735529408e-05,9.445375412086094e-05,0.0014863764414838562,0.0014852322123193027,9.47768735529408e-05,7.536744717905655e-05
dist_fastText,0.0009768841238190233,0.00026986600659806975,0.00013744894447754286,0.00013740374995918175,0.0009470588065816993,0.0009474033463315894,0.00013744894447754286,0.00011012717966448623
dist_ESIM,0.0010377795206053875,8.23366960836298e-05,0.00011581304295277779,0.00011534860930162733,0.001027635083836506,0.0010285250620660478,0.00011581304295277779,7.275109088484899e-05
dist_bert,0.001138403415061375,0.00010385731351918795,0.00014746980697134427,0.00014734343601572442,0.0011230671470430112,0.0011223364991031133,0.00014746980697134427,8.021023524820493e-05
dist_roberta,0.0005904617707816375,0.0005900539358647354,0.00016095279473616307,0.00016089481965276376,0.0005814164849725111,0.0005808637109789715,0.00016095279473616307,0.0001323096551397853
