#test_type,lmi,pmi,freq,condition
fastText,0.007322729800548726,0.0017195514952361446,0.006436707109154556,0.0017195651970943794
ESIM,0.007515008679266337,0.0016757478099231203,0.006653230437647465,0.0016757524478097734
BERT,0.00363704909848601,0.0006867325075594795,0.0034903229512569197,0.0006869807955684219
roBERTa,0.003234212936899293,0.000635020125669931,0.003121017908323361,0.0006350293470061621
