#test_type,lmi,pmi,freq,condition
fastText,0.11460957126169949,0.03337161615947381,0.11470011130913609,0.03337161615947381
ESIM,0.1089930519447698,0.03305936116909466,0.10935726863124562,0.03305936116909466
BERT,0.11290516777802247,0.0385951342823735,0.11323774525345709,0.0385951342823735
roBERTa,0.11574090689483063,0.02983780606543625,0.11702205189109191,0.02983780606543625
