#test_type,lmi,pmi,freq,condition
fastText,0.015256838372791084,0.000643362651381939,0.01380489606901406,0.0006429926185388599
ESIM,0.007000117278216526,0.0003555084291006965,0.006836392150316316,0.00035362901427721813
BERT,0.004298637508901606,0.00022254124774270887,0.004397704463859271,0.00022361042704919235
roBERTa,0.005954617741182297,0.00033581011579675643,0.005885456931366806,0.00033572309886685997
