#test_type,lmi,pmi,freq,condition
fastText,0.0010295945054892047,9.121122816042154e-05,0.001023193738647148,9.121122816042154e-05
ESIM,0.0011086042062795826,0.00010175840349386702,0.001108643802845426,0.00010175840349386702
BERT,0.0014057434732167736,9.095479124898267e-05,0.0013940816975899866,9.095479124898267e-05
roBERTa,0.0014135979661933616,9.011715869598482e-05,0.0014018318257114021,9.011715869598482e-05
