#test_type,lmi,pmi,freq,condition
fastText,0.04411783738219344,0.041105957393623736,0.04410378779015668,0.041105957393623736
ESIM,0.06514783652248671,0.04430284370728197,0.06530916049868064,0.04430284370728197
BERT,0.05190138864774936,0.04506805337337479,0.05189950546073614,0.04506805337337479
roBERTa,0.05048198113739886,0.04111980376451112,0.050555267274724404,0.04111980376451112
