#test_type,lmi,pmi,freq,condition
fastText,0.0013520550798063323,0.00013070495470009474,0.0012973397863275883,0.00013070495470009474
ESIM,0.0009700148230439772,0.00010572819151821318,0.0009603906442003246,0.00010572819151821318
BERT,0.0011029376507501142,0.00012596096821268182,0.0010955703161684243,0.00012596096821268182
roBERTa,0.0008730489959296068,0.00013239624153665551,0.0008635100983623755,0.00013239624153665551
