#test_type,lmi,pmi,freq,condition
fastText,0.0065858018731170765,0.00036643123676218995,0.0061635419757939906,0.00036497323226766614
ESIM,0.0033971382864572395,0.00023576576136366605,0.0034533990987735963,0.00023675907626934432
BERT,0.003504660750038369,0.00023097201772678287,0.003578328851069111,0.00023192431122977326
roBERTa,0.003840598831860359,0.00021612152853617826,0.003892311316869914,0.00021605763414298245
