#test_type,lmi,pmi,freq,condition
fastText,0.004638764159375335,0.00048719601413838617,0.004440385724276023,0.0004872002679990169
ESIM,0.004554619382894353,0.0006167324588534865,0.00438684632939217,0.0006167335989091932
BERT,0.0026890406612850074,0.00016944580439974901,0.002692336142645667,0.00016944694445545578
roBERTa,0.0026185925482969646,0.0001570295310032561,0.002604726765872643,0.0001570295310032561
